{
	"start_lat": 	40.6761055,
	"start_long": 	-73.97161102,
	"end_lat": 		40.64607239,
	"end_long": 	-74.01316071
}