{
	"start_lat": 	40.72317505,   			
	"start_long": 	-73.95267487,
	"end_lat": 		40.76137924,
	"end_long": 	-73.92391968
}