{
	"start_lat": 	40.68061066,
	"start_long": 	-73.92864227,
	"end_lat": 		40.69804382,
	"end_long": 	-73.92427826
}